Codigo,Descripcion,Precio Costo,Precio Venta,Precio Mayoreo,Inventario,Inv. Minimo,Departamento
10343885301,AUDIFONOS DIADEMA BLANCOS ST28,0,300,0,0,0,1
6,ADAPTADOR CLAVIJA EU,0,40,0,0,1,2
18118,AUDIFONOS CATS XR-3103,0,70,0,0,0,2
13034091,AUDIFONOS DE CIERRE,0,60,0,0,0,2
10343885295,AUDIFONOS DE DIADEMA CABLE AZULES,0,200,0,0,0,2
71641063228,AUDIFONOS DIADENA NEGROS ,0,320,0,0,0,2
590012327872,AUDIFONOS INALAMBRICO A6S,0,300,0,0,0,2
590012327899,AUDIFONOS INALAMBRICOS 1 HORA AZUL CIELO,0,300,0,0,0,2
590012328024,AUDIFONOS INALAMBRICOS I12,0,250,0,0,0,2
590012328146,AUDIFONOS INALAMBRICOS NEGROS ,0,300,0,0,0,2
590012328243,AUDIFONOS INALMABRICOS 1 HORA ROJOS,0,300,0,0,0,2
590012328395,AUDIFONOS SAMSUNG  SPORT,0,120,0,0,0,2
590012328400,AUDIFONOS SAMSUNG TIPO C,0,160,0,0,0,2
590012328439,AUDIFONOS SONY,0,70,0,0,0,2
590012328582,BLUETHOOTH-AUXILIAR,0,120,0,0,0,2
889296597124,CABLE ORIGINAL IPHONE TIPO C,0,200,0,0,0,2
6326970310005,CARGADOR ORIGINAL HUAWUEI V8,0,250,0,0,0,2
6905187280105,CARGADOR SAMSUNG ORIGINAL V8,0,250,0,0,0,2
6941278481006,CLAVIJA TIPO C,0,180,0,0,0,2
6955727730430,COMBO CARGADOR V8 2.4A 1 HORA 2 ENTRADAS,0,150,0,0,1,2
 11S,MEMORIA USB ADATA 16 GB,0,150,0,0,1,2
 13 PIEL,MOUSE INALAMBRICO RECARGABLE,0,300,0,0,0,2
 A20,PROTCETOR  IPHONE 11 PRO TRAMPTARENTE,0,250,0,0,0,2
 A54 T,PROTECTOR HUAWUEI P30 LITE ROSA,0,250,0,0,0,2
 AGENDA A,PROTECTOR HUAWUEI Y7P SILICON,0,150,0,0,0,2
 ALIVAVA,PROTECTOR HUAWUEI Y9 PRIME 2019 NEGRO,0,250,0,0,0,2
 B U,PROTECTOR IPHONE 11 NEGRO,0,200,0,0,0,2
 CH,PROTECTOR IPHONE 13 PRO MAX SILICON LILA,0,150,0,0,0,2
 DES ,PROTECTOR IPHONE 5G USO RUDO,0,150,0,0,0,2
 E4,PROTECTOR IPHONE 7 / 8 PLUS SILICON,0,200,0,0,0,2
 E6,PROTECTOR IPHONE 7 CON ANILLO AZUL / NEGRO,0,200,0,0,0,2
 ESPEJO,PROTECTOR IPHONE 7/ 8 PLUS PIEDRAS,0,250,0,0,0,2
 ESTRELLA,PROTECTOR IPHONE 7/8 SILICON,0,150,0,0,0,2
 G30,PROTECTOR IPHONE X TRANSPARENTE,0,250,0,0,0,2
 G52 AZUL,PROTECTOR IPHONE XR SILICON ROJO,0,200,0,0,0,2
 G52 P,PROTECTOR IPHONE XR TRANSPARENTE,0,200,0,0,0,2
 G6,PROTECTOR IPHONE XR USO RUDO,0,150,0,0,0,2
 G60 P,PROTECTOR IPHONE XS MAX COLORES,0,250,0,0,0,2
 MAPITA,PROTECTOR REDMI 10C CRISTAL,0,200,0,0,0,2
 MASKING C,PROTECTOR REDMI 9A USO RUDO,0,150,0,0,0,2
 ONE,PROTECTOR SAMSUNG A13 4G TRANSPARENTE CON ROSA,0,250,0,0,0,2
 PROTECTOR M,PROTECTOR SAMSUNG ESPEJO A02S,0,150,0,0,0,2
 UNICO,SOPORTE PARA MOTO,0,150,0,0,0,2
 XM,TAPETE MARCIANO,0,100,0,0,0,2
2222,AUDIFONOS 1 HORA EXTRA BASS,0,80,0,0,0,2
590012327945,AUDIFONOS INALAMBRICOS 1 HORA NEGROS,0,350,0,0,0,2
590012328216,AUDIFONOS INALAMBRICOS X15,0,350,0,0,0,2
590012328449,AUDIFONOS STEREO EAR-238,0,100,0,0,0,2
590012328530,BATERIA GRAND PRIME,0,200,0,0,0,2
2020042000070,CABLE ORIGINAL MOTOROLA TIPO C,0,150,0,0,0,2
6936200130992,CLAVIJA  TIPO C,0,180,0,0,0,2
6936233310002,CLAVIJA 1 HORA,0,60,0,0,2,2
 A21S,PROTCETOR HUAWEI NOVA Y70,0,200,0,0,0,2
 A34-,PROTECTOR 12 PRO MAX CRISTAL,0,200,0,0,0,2
 A53,PROTECTOR HUAWEI Y9S SILICON,0,150,0,0,0,2
 BANG,PROTECTOR IPHONE 11 PRO MAX CRISTAL AZUL REY,0,200,0,0,0,2
 CARG,PROTECTOR IPHONE 13 NEGRO,0,250,0,0,0,2
 H,PROTECTOR MOTOROLA E20 ROSA PIEL,0,250,0,0,0,2
 LINTERNA CHICA,PROTECTOR NOTE 8 SILICON,0,150,0,0,0,2
 MONEDERO LL,PROTECTOR SAMSUNG A02 SILICON,0,150,0,0,0,2
 MOTO ,PROTECTOR SAMSUNG A02S / A03S USO RUDO,0,150,0,0,0,2
 N T,PROTECTOR SAMSUNG A03 USO RUDO,0,150,0,0,0,2
 R,PROTECTOR SAMSUNG J7 PRIME SILICON,0,150,0,0,0,2
 ZHCI54738,TURBO CARGADOR 1 HORA TIPO C QC3.0 BLANCO,0,220,0,0,0,2
590012328504,BANG,0,230,0,0,0,6
590012328506,BUDAS,0,230,0,0,0,6
8810086011669,MASKKING CHICO,0,170,0,0,0,6
13,ADATA USB 64 GB,0,300,0,0,0,7
5537000010876,CABLE VGA,0,85,0,0,0,7
 13 NEGRO,MOUSE ECONOMICO NEGRO,0,180,0,0,0,7
 XR S,TECLADO,0,250,0,0,0,7
 XSMAX,TINTA 662 NEGRA HP,0,250,0,0,0,7
 Y9 PRIME,TINTA NEGRA HP 664,200,300,0,0,0,7
7500907000354,DULCE RICOLINO,0,3,0,0,5,8
590012328555,BATERIA PORTATIL 1 HORA CON LINTERNA,0,320,0,0,0,10
104,AGENDA PIEL PARIS,0,80,0,0,0,12
787257124375,BORRADO DE LAPIZ,0,15,0,0,1,12
6970595863851,CORRECTOR DE CINTA,0,30,0,0,0,12
6996555872268,CUADERNO SWUING COSIDO DOBLE RAYA,0,25,0,0,0,12
7500938008107,ETIQUETAS CIRCULOS,0,15,0,0,0,12
7501313102007,HOJA ETIQUETA,0,7,0,0,10,12
7501868609006,LAPICERA JOCAR CORAZONES / FLORES,0,40,0,0,0,12
7502212171316,LAPICERO MAPED AZUL MENTA,0,15,0,0,0,12
7503028490974,LIBRETA CHICA 100 HOJAS ESTRELLA,0,20,0,0,0,12
7503035048427,LIBRETA SCRIBE,0,35,0,0,1,12
7505106565321,LIBRETA SCRIBE CUADRO GRANDE,0,35,0,0,0,12
7506129402884,LIBRETA SMARTY CUADRICULADA COCIDA,0,45,0,0,0,12
7506129441265,LIBRETA TAQUIG CHICA 80H ESTRELLA,0,20,0,0,0,12
  13 PRO M,MARCADOR PERMANENTE BIC,0,30,0,0,0,12
 10 C,MARCATEXTOS COLOR NEON CHICOS,0,50,0,0,0,12
 11 P M,MARCATEXTOS PASTEL XL-102 XIELI,0,40,0,0,0,12
 12 P P,MOCHILA / CONEJO/,0,300,0,0,0,12
 13/L,NOTAS PANDAS,0,35,0,0,0,12
 14 PI,OPALINA GRUESA,0,5,0,0,1,12
 19H84000002,PAPEL CHINA 3 HOJAS AZUL VICTORIA,0,12,0,0,0,12
 27L8ORS0023675316,PAPEL CHINA 3 HOJAS BLANCO,0,12,0,0,0,12
 27SNN7Z0006745862,PAPEL CHINA 3 HOJAS ROSA MEXICANO,0,12,0,0,0,12
 A12 S,PLUMONES 18 COLORES,0,60,0,0,0,12
 A13 5G,PLUMONES COLOR PEN,0,15,0,0,2,12
 T A04S,SOBRE DE PLASTICO OFICIO CON RONDANA,0,25,0,0,0,12
 TALON,SOBRE PLASTICO TAMAÑO CARTA BOTON,0,22,0,0,1,12
 A5 PROTECTOR ,PROTECTOR HONOR X8 ANILLO PLATA /,0,200,0,1,0,1
9,ADAPTADOR MICRIFONO AUXILIAR,0,50,0,1,0,2
11,ADAPTADOR TIPO C,0,100,0,1,0,2
70330315488,AUDIFONOS DIADEMA XB-450BT NEGROS CON ROJO,0,300,0,1,0,2
190198889973,AUDIFONOS EARPHONES MAIZ EJ-192,0,100,0,1,0,2
590012328286,AUDIFONOS KN-200,0,200,0,1,0,2
590012328290,AUDIFONOS MICROFONO CAMUFLAJEADOS GM-013,0,350,0,1,0,2
590012328327,AUDIFONOS ONEEKA ONE-003,0,50,0,1,0,2
590012328372,AUDIFONOS ROJOS,0,50,0,1,0,2
590012328399,AUDIFONOS SAMSUNG S8/S8+ AKG,0,100,0,1,0,2
602760000520,BOCINA MAIZ YM-050,160,350,0,1,0,2
791280914018,CABLE 1 HORA TIPO C A TIPO C,0,95,0,1,1,2
889296597148,CABLE ORIGINAL IPHONE USB,0,200,0,1,0,2
3270220050278,CABLE TIPO C 2.4A 1 HORA NEGRO,0,90,0,1,2,2
6154574620011,CARGADOR ORIGINAL HUAWUEI TIPO C,0,250,0,1,0,2
6812410221050,CARGADOR ORIGINAL XIAOMI TIPO C,0,250,0,1,0,2
6901443080274,CARGADOR PARA TABLET,0,150,0,1,0,2
6909168022357,CARGADOR TIPO C PARA AUTO 1 HORA,0,150,0,1,0,2
6909168025228,CARGADOR UNIVERSAL PARA LAPTOP,0,300,0,1,0,2
6971082812758,CR2025,0,25,0,1,0,2
6974308440872,CRISTAL IPHONE 13/13 MINI,0,120,0,1,0,2
6974368771008,CRISTAL PARA CAMARA 11 PRO/11 PRO MAX,0,120,0,1,0,2
6974368771886,CRISTAL PARA CAMARA 12 PRO MAX,0,120,0,1,0,2
6974368773187,CRISTAL PARA CAMARA IPHONE 11,0,120,0,1,0,2
6974368774153,CRISTAL PARA CAMARA IPHONE 12 PRO,0,120,0,1,0,2
7501343462003,INALMBRICOS NEGROS AIR7,0,300,0,1,0,2
7501366003009,INPODS 12,0,250,0,1,1,2
7503027768432,LG ROSA Q7,0,70,0,1,0,2
 12 C,MEMORIA USB KINGSTON,0,500,0,1,0,2
 A24 AZUL,PROTECTOR  MI NOTE 10 TRASPARENTE,0,250,0,1,0,2
 A5 2020,PROTECTOR HONOR X7 USO RUDO,0,150,0,1,0,2
 A51,PROTECTOR HONOR X8 SILICON,0,150,0,1,0,2
 A53 S,PROTECTOR HUAWUEI P20 LITE,0,150,0,1,0,2
 A8,PROTECTOR HUAWUEI P30 LITE USO RUDO,0,150,0,1,0,2
 ADAPTADO T C,PROTECTOR HUAWUEI P9 LITE USO RUDO,0,150,0,1,0,2
 ADAPTADOR,PROTECTOR HUAWUEI Y6 2018 USO RUDO,0,150,0,1,0,2
 AIR7,PROTECTOR HUAWUEI Y9 PRIME 2019 CON ARILLO,0,200,0,1,0,2
 AO2S,PROTECTOR HUAWUEI Y9 PRIME TRANSPARENTE CON BLANCO,0,200,0,1,0,2
 AO3R,PROTECTOR HUAWUEI Y9S CRISTAL,0,200,0,1,0,2
 AUD ECONO,PROTECTOR IPHONE 11 LILA,0,250,0,1,0,2
 BA09,PROTECTOR IPHONE 11 PRO MAX  AZUL CON DORADO,0,150,0,1,0,2
 BARIAS,PROTECTOR IPHONE 11 PRO MAX ROJO CON SOPORTE,0,200,0,1,0,2
 BIC FINO,PROTECTOR IPHONE 11 PRO MAX TRANSPARENTE CON AZUL,0,150,0,1,0,2
 BROCHE,PROTECTOR IPHONE 11 PRO MAX ROSA CON AÑILLO,0,250,0,1,0,2
 C 12,PROTECTOR IPHONE 12 PIEDRAS,0,250,0,1,0,2
 C E,PROTECTOR IPHONE 12/12 PRO COLORES NARANJA,0,250,0,1,0,2
 CFE,PROTECTOR IPHONE 13 PRO MAX PIEL NEGRO,0,250,0,1,0,2
 CLAVIJA,PROTECTOR IPHONE 14 PRO  AZUL,0,250,0,1,0,2
 CORTINAS,PROTECTOR IPHONE 14 PRO NEGRO,0,250,0,1,0,2
 CRISTAL,PROTECTOR IPHONE 14 PRO ROSA,0,250,0,1,0,2
 CURP,PROTECTOR IPHONE 5 BLANCO,0,100,0,1,0,2
 D BLANCOS,PROTECTOR IPHONE 5G MONO CON LENTES,0,150,0,1,0,2
 DI,PROTECTOR IPHONE 6 / 6S,0,150,0,1,0,2
 DIAMANT,PROTECTOR IPHONE 6 G CRISTAL,0,200,0,1,0,2
 E,PROTECTOR IPHONE 6/7/8 ROJO CON TRASPARENTE ANILLO,0,150,0,1,0,2
 E6S,PROTECTOR IPHONE 7 PLUS CON ANILLO NEGRO,0,200,0,1,0,2
 EAR-,PROTECTOR IPHONE 7 PLUS CRISTAL,0,200,0,1,0,2
 EARI7,PROTECTOR IPHONE 7 PLUS ROSA ,0,250,0,1,0,2
 EU,PROTECTOR IPHONE 7/8 TRANSPARENTE,0,200,0,1,0,2
 EUROPEO,PROTECTOR IPHONE 7G /8G 3 EN 1 LISO,0,200,0,1,0,2
 FLORECENTE,PROTECTOR IPHONE 7G CRISTAL VERDE,0,200,0,1,0,2
 G,PROTECTOR IPHONE X / XS POPI,0,150,0,1,0,2
 G10,PROTECTOR IPHONE X CRISTAL,0,200,0,1,0,2
 G10/G,PROTECTOR IPHONE X ROSA ,0,250,0,1,0,2
 G4,PROTECTOR IPHONE XR LILA,0,250,0,1,0,2
 G5,PROTECTOR IPHONE XR SILICON COLORES NARANJA,0,150,0,1,0,2
 G60S ,PROTECTOR IPHONE XS MAX SILICON NEGRO,0,200,0,1,0,2
 G71 C ,PROTECTOR IPHONE XS/X TRANSPARENTE,0,200,0,1,0,2
 G71 T,PROTECTOR IPHONE XSMAX ROJO,0,250,0,1,0,2
 G9 PLUS,PROTECTOR MOTOROLA  ONE FUSION TRASPARENTE,0,150,0,1,0,2
 HB,PROTECTOR MOTOROLA E4,0,150,0,1,0,2
 HB CO,PROTECTOR MOTOROLA E6 PLAY SILICON,0,150,0,1,0,2
 HIFI,PROTECTOR MOTOROLA E6 SILICON,0,150,0,1,0,2
 HW P,PROTECTOR MOTOROLA G5 PLUS  NEGRO,0,150,0,1,0,2
 I 11,PROTECTOR MOTOROLA G52 AZUL METALICO,0,150,0,1,0,2
 IP 13,PROTECTOR MOTOROLA G60 / G60S,0,250,0,1,0,2
 J5,PROTECTOR MOTOROLA G60S ROSITA TRASPARENTE,0,250,0,1,0,2
 LISTON C,PROTECTOR NOVA 5T USO RUDO,0,150,0,1,0,2
 MIAODIAN,PROTECTOR REDMI NOTE 10/10S /ROSA,0,200,0,1,0,2
 MICK,PROTECTOR REDMI NOTE 11S NEGRO,0,250,0,1,0,2
 MINIE,PROTECTOR REDMI NOTE 9 NEGRO,0,250,0,1,0,2
 MJPY20221688282,PROTECTOR SAMSUN A12 ROSA,0,250,0,1,0,2
 MOCH,PROTECTOR SAMSUNG  A03 3 EN 1 LILA,0,250,0,1,0,2
 MOCHILA,PROTECTOR SAMSUNG  A12  ESTRELLAS / FLORES,0,250,0,1,0,2
 MOCHILAS,PROTECTOR SAMSUNG  A31 CRISTAL,0,200,0,1,0,2
 MODELÑEJ223,PROTECTOR SAMSUNG  USO RUDO J2 PRIME,0,150,0,1,0,2
 MOTARRO,PROTECTOR SAMSUNG A02 USO RUDO,0,150,0,1,0,2
 MOTO C,PROTECTOR SAMSUNG A02S/A03S /NEGRO/ CON ANILLO,0,200,0,1,0,2
 MOUSE COLORES,PROTECTOR SAMSUNG A02S/A03S SILICON,0,150,0,1,0,2
 MULTICOLOR,PROTECTOR SAMSUNG A03 AZUL/ROSA,0,250,0,1,0,2
 NEGRO,PROTECTOR SAMSUNG A04 CRISTAL,0,200,0,1,0,2
 NOTE 10,PROTECTOR SAMSUNG A04S CON ANILLO,0,200,0,1,0,2
 NOTE 10-5G,PROTECTOR SAMSUNG A04S NEON,0,250,0,1,0,2
 NOTE 10S,PROTECTOR SAMSUNG A10S NEGRO,0,250,0,1,0,2
 OP,PROTECTOR SAMSUNG A13 4G/5G TRANSPARENTE CON AZUL,0,250,0,1,0,2
 P A10S,PROTECTOR SAMSUNG A14 PIEL ,0,250,0,1,0,2
 P S,PROTECTOR SAMSUNG A21S SILICON NEGRO,0,150,0,1,0,2
 PIEL A03,PROTECTOR SAMSUNG A24/ 4G CRISTAL,0,200,0,1,0,2
 PL,PROTECTOR SAMSUNG A30S USO RUDO,0,150,0,1,0,2
 PLATA,PROTECTOR SAMSUNG A32 AZUL ,0,250,0,1,0,2
 POPI,PROTECTOR SAMSUNG A51 ROSA,0,250,0,1,0,2
 POPII,PROTECTOR SAMSUNG A51 TRASPARENTE,0,150,0,1,0,2
 PRA,PROTECTOR SAMSUNG A52/4G/5G USO RUDO,0,150,0,1,0,2
 PROTECTOR 12,PROTECTOR SAMSUNG CRISTAL A02S,0,200,0,1,0,2
 QG,PROTECTOR SAMSUNG J6 2018 FLAMINGO,0,100,0,1,0,2
 RELOJ,PROTECTOR XM- NOTE 10 /PRO -MAX TRANPARENTE,0,150,0,1,0,2
 RICOLINO,PROTECTOR XR ROJO CON ANILLO ,0,250,0,1,0,2
 ROCALETA,PROTECTOR ZTE A51 USO RUDO,0,150,0,1,0,2
 TINTO,SOPORTE PARA BICICLETA,0,120,0,1,0,2
 UNI,SOPORTE PARA CARRO,0,100,0,1,1,2
 X T,TAPETE ALFOMBRILLA,0,80,0,1,0,2
 ZTEA51,TURBO CARGADOR DE TIPO C A IPHONE 1HORA,0,250,0,1,0,2
4, POP SOKER STAR WARS,0,50,0,1,0,2
5,ADAPTADOR AUDIFONOS IPHONE,0,200,0,1,0,2
12,ADAPTADOR TIPO C IPHONE,80,180,0,1,0,2
100281568,AUDIFONOS DE DIADEMA BLANCOS CON CAFE EAR-603,0,350,0,1,0,2
10343885318,AUDIFONOS DIADEMA EAR-03B VERDES ,0,300,0,1,0,2
97142714889,AUDIFONOS EAR-820 OREJAS,0,150,0,1,0,2
190198001184,AUDIFONOS EAR-TC,0,100,0,1,0,2
190198914491,AUDIFONOS EARPODS AUXILIAR,0,200,0,1,0,2
590012327248,AUDIFONOS EXTRA BASS MAIZ EJ-057,0,100,0,1,0,2
590012327741,AUDIFONOS HUELLITA XR-3124,0,70,0,1,0,2
590012328017,AUDIFONOS INALAMBRICOS E7S,0,300,0,1,0,2
590012328059,AUDIFONOS INALAMBRICOS NEGRO CON TRANSPARENTE,0,300,0,1,0,2
590012328148,AUDIFONOS INALAMBRICOS NEGROS ,0,300,0,1,0,2
590012328157,AUDIFONOS INALAMBRICOS ROSAS M13,0,350,0,1,0,2
590012328252,AUDIFONOS IPHONE  EAR-I7,0,150,0,1,0,2
590012328295,AUDIFONOS MICROFONO EAR-GM2022,0,350,0,1,0,2
590012328402,AUDIFONOS SHOCK EAR-350 INALAMBRICOS,0,200,0,1,0,2
590012328468,AUDIFONOS XINMI XR-3102,0,70,0,1,0,2
590012328483,AUDIFONOS XINMI XR-3115,0,40,0,1,0,2
590012328611,BOCINA 1 HORA CHICA,0,300,0,1,0,2
812887018425,CABLE CARGADOR IPHONE 1M 2.1 A 1HORA,35,90,0,1,0,2
2665656698667,CABLE ORIGINAL MOTOROLA V8,0,150,0,1,0,2
6326980710215,CARGADOR ORIGINAL IPHONE,0,250,0,1,0,2
6704618057015,CARGADOR ORIGINAL IPHONE 13 PRO MAX,0,300,0,1,0,2
6805169882283,CARGADOR ORIGINAL TURBO MOTOROLA,0,250,0,1,0,2
6950866021418,COMBO CARGADOR IPHONE  1 HORA 2.4,0,150,0,1,0,2
6967028107552,CORREA SMARTWATCH,0,120,0,1,0,2
6967850656181,CORREA SMARTWATCH 2 EN 1,0,250,0,1,0,2
6974308440674,CRISTAL  CAMARA IPHONE 12,0,120,0,1,0,2
6974368772685,CRISTAL PARA CAMARA 13 PRO/13 PRO MAX,0,120,0,1,0,2
7501343461006,INALAMBRICOS GAME SPORTS,0,300,0,1,0,2
 13 PR,MOUSE VIMI,0,250,0,1,0,2
 14 PLUS,OPOO A15 GLIDER,0,250,0,1,0,2
 A14-,POP SOKER MICKEY MOUSE,0,50,0,1,0,2
 A145G,POP SOKER OSO,0,80,0,1,0,2
 A17 OP,PRATECTOR SAMSUNG A13 4G CRISTAL,0,200,0,1,0,2
 A22,PROTECTOR  HUAHUEI Y70 USO RUDO,0,150,0,1,0,2
 A22 5G,PROTECTOR  HUAWUEI Y6S/Y6/2019,0,150,0,1,0,2
 A22 5G N,PROTECTOR  IPHONE 11 FASHION METALICON CON IMAN /AZUL,0,250,0,1,0,2
 A24,PROTECTOR  IPHONE 11 PRO MAX ROJO,0,250,0,1,0,2
 A31,PROTECTOR  SAMSUNG J8 2018,0,150,0,1,0,2
 A34,PROTECTOR 12 PRO MAX  AZUL MARINO,0,250,0,1,0,2
 A34 P,PROTECTOR 12 PRO MAX NEGRO CON SOPORTE,0,200,0,1,0,2
 A34 PI,PROTECTOR 12 PRO MAX TRANSPARENTE,0,250,0,1,0,2
 A52,PROTECTOR HUAWEI P30 LITE SILICON,0,150,0,1,0,2
 AGENDA,PROTECTOR HUAWUEI Y7 2018 USO RUDO,0,150,0,1,0,2
 AO4E,PROTECTOR IPHONE  7 / 8 CRISTAL CALVIN KLEIN,0,200,0,1,0,2
 ARCO IRIS,PROTECTOR IPHONE  XR CRISTAL ,0,200,0,1,0,2
 AUXILIAR,PROTECTOR IPHONE 11 LILA CON DORADO CONEJO,0,180,0,1,0,2
 B08H81GDW9,PROTECTOR IPHONE 11 NEGRO CON SOPORTE,0,200,0,1,0,2
 BA012,PROTECTOR IPHONE 11 PIEL ROJO,0,250,0,1,0,2
 BAR,PROTECTOR IPHONE 11 PRO MAX MAGNETICO GRIS ,100,250,0,1,0,2
 BATERIA,PROTECTOR IPHONE 11 PRO MAX SILICON RAYAS NARANJA,0,250,0,1,0,2
 BIC R,PROTECTOR IPHONE 11 PRO ROJO,0,250,0,1,0,2
 BICI,PROTECTOR IPHONE 11 PRO ROSA,0,200,0,1,0,2
 BILLETES,PROTECTOR IPHONE 11 PRO SILICON ,0,150,0,1,0,2
 C,PROTECTOR IPHONE 12 MAGNETICO AZUL / NEGRO,0,250,0,1,0,2
 C 11,PROTECTOR IPHONE 12 MAGNETICO ROSA,0,250,0,1,0,2
 C 7,PROTECTOR IPHONE 12 PRO MAX PIEL ,0,200,0,1,0,2
 C B,PROTECTOR IPHONE 12 PRO MAX TRANSPARENTE CON ANILLO,0,150,0,1,0,2
 C SAMSUNG,PROTECTOR IPHONE 13  PIEL ROSA ,0,250,0,1,0,2
 CANELA,PROTECTOR IPHONE 13 / 14 LILA,0,250,0,1,0,2
 CARBONCILLO,PROTECTOR IPHONE 13 MAGNETICO LILA,0,250,0,1,0,2
 CARGADOR B,PROTECTOR IPHONE 13 PRO FASHION MAGNETICA BLANCO,0,250,0,1,0,2
 CARTERA R,PROTECTOR IPHONE 13 PRO MAX CRISTAL,0,200,0,1,0,2
 CARTULINAS F /N,PROTECTOR IPHONE 13 PRO MAX PIEL,0,250,0,1,0,2
 CHE,PROTECTOR IPHONE 13 PRO TRANSPARENTE OBSCURO,0,250,0,1,0,2
 CHICA B,PROTECTOR IPHONE 13 PRO/ ROSA,0,250,0,1,0,2
 CIGARRO,PROTECTOR IPHONE 13/14 NEGRO,0,250,0,1,0,2
 CINTA,PROTECTOR IPHONE 13/14 TRASPARENTE,0,200,0,1,0,2
 CINTA C,PROTECTOR IPHONE 14 MAGNETICO NEGRO,0,250,0,1,0,2
 CINTA CH,PROTECTOR IPHONE 14 PIEL AZUL,0,250,0,1,0,2
 CINTA G,PROTECTOR IPHONE 14 PLUS NEGRO,0,250,0,1,0,2
 COBA,PROTECTOR IPHONE 14 PRO CON SOPORTE ,0,200,0,1,0,2
 CONTAC,PROTECTOR IPHONE 14 PRO MAX ROSA,0,250,0,1,0,2
 CORAZONES,PROTECTOR IPHONE 14 PRO MAX ROSITA TRASPARENTE,0,200,0,1,0,2
 CRA,PROTECTOR IPHONE 14 PRO ROJO,0,250,0,1,0,2
 CRIS,PROTECTOR IPHONE 14 PRO ROJO,0,250,0,1,0,2
 E20 M,PROTECTOR IPHONE 6G / 5.5,0,200,0,1,0,2
 E6 PLAY,PROTECTOR IPHONE 7 PLUS  AZUL,0,250,0,1,0,2
 EARPODS,PROTECTOR IPHONE 7 PLUS ROSA PALO,0,200,0,1,0,2
 ECONOMICO,PROTECTOR IPHONE 7 PLUS TRASPARENTE /NEON,0,200,0,1,0,2
 ENMICADO CARTA,PROTECTOR IPHONE 7 TRANPARENTE,0,200,0,1,0,2
 FLORECENTES,PROTECTOR IPHONE AZUL MAGNETICO,0,250,0,1,0,2
 FOMI LISO,PROTECTOR IPHONE PLATA CON ANILLO,0,200,0,1,0,2
 FX,PROTECTOR IPHONE TRANSPARENTE FOR MAGSAFE,0,250,0,1,0,2
 G10/,PROTECTOR IPHONE X NEGRO CON SOPORTE,0,200,0,1,0,2
 G31,PROTECTOR IPHONE XR BARBIE,0,250,0,1,0,2
 G-383,PROTECTOR IPHONE XR CABALLOS,0,50,0,1,0,2
 G60/P,PROTECTOR IPHONE XS MAX CRISTAL,0,200,0,1,0,2
 G7,PROTECTOR IPHONE XS MAX TRANSPARENTE OBSCURO,0,250,0,1,0,2
 G71 ,PROTECTOR IPHONE XS SILICON AZUL,0,150,0,1,0,2
 G71 A,PROTECTOR IPHONE XS MAX TRANSPARENTE,0,250,0,1,0,2
 G72,PROTECTOR IPHONENE  13 PRO MAX ROJO,0,200,0,1,0,2
 G72 T,PROTECTOR L210 USO RUDO,0,150,0,1,0,2
 G73,PROTECTOR MOTO C USO RUDO,0,100,0,1,0,2
 G8 P,PROTECTOR MOTORALA G10/G20/G30 NEGRO CON ANILLO,0,200,0,1,0,2
 G9,PROTECTOR MOTOROLA  E13 CRISTAL,0,200,0,1,0,2
 GAFETE,PROTECTOR MOTOROLA E13 DISNEY,0,250,0,1,0,2
 GAFETE T,PROTECTOR MOTOROLA E13 ROJO,0,250,0,1,0,2
 GAS,PROTECTOR MOTOROLA E20 / E30 / E40 PRADA PIEDRAS,0,200,0,1,0,2
 GEL,PROTECTOR MOTOROLA E20 / E30 / E40 TRASPARENTE SENSILLO,0,150,0,1,0,2
 H 12,PROTECTOR MOTOROLA E20 TRANSPARENTE 3 EN 1,0,200,0,1,0,2
 H R A 1 3 1,PROTECTOR MOTOROLA E22/E221 HOJOS DILATADOS,0,200,0,1,0,2
 HUNS06135,PROTECTOR MOTOROLA G10/G20 BARBIE ,0,250,0,1,0,2
 HW,PROTECTOR MOTOROLA G31  TRANSPARENTE CON AZUL,0,250,0,1,0,2
 HW P20,PROTECTOR MOTOROLA G52  NEGRO,0,250,0,1,0,2
 IMPACTO,PROTECTOR MOTOROLA G52 ROJO,0,250,0,1,0,2
 INALAMBRICOS,PROTECTOR MOTOROLA G53 5G / G13 4G / G23 4G MARIPOSA,0,250,0,1,0,2
 INPODS,PROTECTOR MOTOROLA G6 SILICON,0,150,0,1,0,2
 IPLAY,PROTECTOR MOTOROLA G60 / G60S SILICON,0,150,0,1,0,2
 J2,PROTECTOR MOTOROLA G60 CRISTAL,0,200,0,1,0,2
 J6,PROTECTOR MOTOROLA G62 / G52 ANILLO ROJO / AZUL,0,200,0,1,0,2
 J7,PROTECTOR MOTOROLA G7 PLAY SILICON,0,150,0,1,0,2
 J7 S,PROTECTOR MOTOROLA G71 ANILLO,0,200,0,1,0,2
 J8,PROTECTOR MOTOROLA G71 CRISTAL,0,200,0,1,0,2
 J8 P,PROTECTOR MOTOROLA G71 TRASPARENTE ,0,200,0,1,0,2
 KILOMETRICO,PROTECTOR MOTOROLA G72 AZUL,0,250,0,1,0,2
 L R,PROTECTOR MOTOROLA G8 POWER  LITE SILICON,0,150,0,1,0,2
 L210,PROTECTOR MOTOROLA G8 POWER LITE USO RUDO,0,150,0,1,0,2
 LAPICERA ,PROTECTOR MOTOROLA G8 SILICON,0,150,0,1,0,2
 LAPIZ INF,PROTECTOR MOTOROLAA G73 TRASPARENTE ROSADO,0,200,0,1,0,2
 LAPIZHONG,PROTECTOR NOTE 10 / 10S SILICON,0,150,0,1,0,2
 LILA 5G,PROTECTOR NOTE 10-5G,0,200,0,1,0,2
 LILA P,PROTECTOR NOTE 11S GLIDER,0,200,0,1,0,2
 LLAVERO BO,PROTECTOR OP RENO7 4G TRANSPARENTE,0,150,0,1,0,2
 LLAVERO POMPON,PROTECTOR OPO A17 SILICON,0,150,0,1,0,2
 LLAVEROS,PROTECTOR OPOO A 16 CRISTAL,0,200,0,1,0,2
 LLAVEROS PIEDRAS,PROTECTOR OPOO A16 AÑILLO,0,200,0,1,0,2
 LTVB09678,PROTECTOR OPOO A17 ALTO IMPACTO BLANCO CON ROSA,0,250,0,1,0,2
 LY388,PROTECTOR OPOO A17 BARBIE,0,250,0,1,0,2
 M 14 P,PROTECTOR OPPO A17 CON ANILLO,0,200,0,1,0,2
 M N,PROTECTOR OPPO A53 SILICON,0,150,0,1,0,2
 MAR,PROTECTOR REDMI 10C NEGRO,0,250,0,1,0,2
 MARCATEXTO F,PROTECTOR REDMI 10C SILICON,0,150,0,1,0,2
 MARICONERA,PROTECTOR REDMI 12 C DISNEY,0,250,0,1,0,2
 MARIPOSA,PROTECTOR REDMI 12 C MIMI,0,250,0,1,0,2
 MARKING,PROTECTOR REDMI 12 C SILICON,0,150,0,1,0,2
 METAL,PROTECTOR REDMI 9A MARGARITAS,0,250,0,1,0,2
 MEZK32620,PROTECTOR REDMI 9S CRISTAL,0,200,0,1,0,2
 MI 10C,PROTECTOR REDMI NOTE 10 PRO NEGRO,0,200,0,1,0,2
 MICA,PROTECTOR REDMI NOTE 10S USO RUDO,0,150,0,1,0,2
 MIRADO,PROTECTOR REDMI NOTE 9S/10 LITE SILICON,0,150,0,1,0,2
 MJPY20221688214,PROTECTOR RENO 7 CRISTAL,0,200,0,1,0,2
 MJPY20221688243,PROTECTOR RENO 7 TRANSPARENTE,0,250,0,1,0,2
 MJSS20221688320,PROTECTOR SAMSUN A13 4G VERDE ESMERALDA,0,150,0,1,0,2
 MO.14,PROTECTOR SAMSUN A22 4G AZUL MARINO,0,250,0,1,0,2
 MODELÑEJ192,PROTECTOR SAMSUNG  TRASPARENTE A54,0,200,0,1,0,2
 MODELÑYM050,PROTECTOR SAMSUNG 121S ROSA,0,250,0,1,0,2
 MONEDERO,PROTECTOR SAMSUNG A02 CRISTAL,0,200,0,1,0,2
 MULTICOLORCH,PROTECTOR SAMSUNG A03 CORE ROJO,0,250,0,1,0,2
 MUSICA50,PROTECTOR SAMSUNG A03 PIEL ,0,200,0,1,0,2
 N,PROTECTOR SAMSUNG A03 TINTO,0,150,0,1,0,2
 NAVAJAS,PROTECTOR SAMSUNG A03 USO RUDO,0,150,0,1,0,2
 NEON,PROTECTOR SAMSUNG A04 GLIDER,0,200,0,1,0,2
 NINE,PROTECTOR SAMSUNG A04 ROSA CON BLANCO,0,250,0,1,0,2
 NOTAS A,PROTECTOR SAMSUNG A04E ROSA PIEL ,0,250,0,1,0,2
 NOTE 10 P,PROTECTOR SAMSUNG A04S FLORES CON GLIDER,0,250,0,1,0,2
 NOTE 10P,PROTECTOR SAMSUNG A04S TRANSPARENTE,0,250,0,1,0,2
 NOVA,PROTECTOR SAMSUNG A12 SILICON,0,1,0,1,0,2
 OP RENO,PROTECTOR SAMSUNG A13 5G ANILLO AZUL,0,200,0,1,0,2
 OPALINA,PROTECTOR SAMSUNG A13 TRASPARENTE,0,200,0,1,0,2
 OPALINAD,PROTECTOR SAMSUNG A13/A23/A32 5G SILICON,0,250,0,1,0,2
 OPO,PROTECTOR SAMSUNG A14 5G  ANILLO AZUL,0,200,0,1,0,2
 OPOO,PROTECTOR SAMSUNG A14 5G FLORES,0,250,0,1,0,2
 OR,PROTECTOR SAMSUNG A14 BARBIE,0,250,0,1,0,2
 P SI,PROTECTOR SAMSUNG A22 4G NEGRO,0,250,0,1,0,2
 P3O,PROTECTOR SAMSUNG A22 5G,0,200,0,1,0,2
 P9,PROTECTOR SAMSUNG A22 5G ANILLO,0,200,0,1,0,2
 PANTERA,PROTECTOR SAMSUNG A22 5G LILA,0,250,0,1,0,2
 PASTEL,PROTECTOR SAMSUNG A22 5G NEGRO,0,250,0,1,0,2
 PEGATINAS,PROTECTOR SAMSUNG A24,0,250,0,1,0,2
 PI,PROTECTOR SAMSUNG A24 ANILLO AZUL,0,200,0,1,0,2
 PIEL ,PROTECTOR SAMSUNG A24 ANILLO ROSA /AZUL,0,250,0,1,0,2
 PLATA `P,PROTECTOR SAMSUNG A32 NEGRO,0,150,0,1,0,2
 PLATA L,PROTECTOR SAMSUNG A32 PRADA,0,200,0,1,0,2
 PLUMAS COLORES,PROTECTOR SAMSUNG A34 /5G ROSA SILICON ,0,150,0,1,0,2
 PLUMAS G,PROTECTOR SAMSUNG A34 BARBIE,0,250,0,1,0,2
 POP,PROTECTOR SAMSUNG A34 CRISTAL,0,200,0,1,0,2
 POP S,PROTECTOR SAMSUNG A34 PIEL,0,200,0,1,0,2
 POSTIT,PROTECTOR SAMSUNG A52 CORAZONES,0,250,0,1,0,2
 POSTIT NEON,PROTECTOR SAMSUNG A52 HELLO KITTY,0,250,0,1,0,2
 POWER,PROTECTOR SAMSUNG A52 MARIPOSAS,0,250,0,1,0,2
 PRIME,PROTECTOR SAMSUNG A53 PRADA PIEDRAS,0,200,0,1,0,2
 PROT 13,PROTECTOR SAMSUNG A53 ROJO,0,250,0,1,0,2
 PROTE,PROTECTOR SAMSUNG A54 PRADA PIEDRAS,0,200,0,1,0,2
 PROTECT,PROTECTOR SAMSUNG A8 2018 USO RUDO,0,150,0,1,0,2
 PROTECTOR 11,PROTECTOR SAMSUNG AO4 NEON ROSADO,0,200,0,1,0,2
 PROTECTOR A24,PROTECTOR SAMSUNG CRISTAL A03 CORE ,0,200,0,1,0,2
 PUNTILLAS,PROTECTOR SAMSUNG J6 2018,0,150,0,1,0,2
 R A,PROTECTOR SAMSUNG J7 USO RUDO,0,150,0,1,0,2
 R C,PROTECTOR SAMSUNG J8 2018 CAMUFLAJE,0,150,0,1,0,2
 R G,PROTECTOR SAMSUNG USO RUDO 9A,0,150,0,1,0,2
 R P,PROTECTOR SANSUNG A12 AZUL,0,200,0,1,0,2
 RELOJ C,PROTECTOR XR IPHONE PLATA ANILLO,0,200,0,1,0,2
 RENO,PROTECTOR XR MAGNETICO TRASPARENTE CON LILA,0,200,0,1,0,2
 RICOBESOS,PROTECTOR XR PIEL ROSA ,0,200,0,1,0,2
 RM,PROTECTOR XS MAX ROJO CON TRASPARENTE,0,150,0,1,0,2
 RM 10C,PROTECTOR XS TRASPARENTE,0,250,0,1,0,2
 ROJO A,PROTECTOR ZTE A5 2020 SILICON,0,150,0,1,0,2
 RONDANA,PROTECTOR ZTE A5 2020 USO RUDO,0,150,0,1,0,2
 RX,PROTECTOR DORADO,0,70,0,1,0,2
 SM A04S,REDMI NOTE 9 SILICON,0,150,0,1,0,2
 STICKER,SOPORTE CARRO,0,150,0,1,0,2
 STICKERR,SOPORTE CARRO,0,150,0,1,0,2
 T R,SOBRE DE PLASTICO TAMAÑO CARTA CON RONDANA,0,22,0,1,0,2
 TAPETE M,SOPORTE BRACKET,0,50,0,1,0,2
 TARJETA R,SOPORTE MAGNETICO PARA CELULAR 1 HORA PLATA,0,85,0,1,0,2
 TIJ,SOPORTE MAGNETICO PARA CELULAR NEGRO,0,85,0,1,0,2
 ZANAHORIA,TRIPIE PARA SELFIE,0,150,0,1,0,2
 12 PIEL,MOCHILA GRIS,0,250,0,1,0,3
590012328623,BOCINA 1 HORA GRANDE,0,350,0,1,0,4
590012328649,BOCINA BS-335,0,350,0,1,0,4
602760001220,BOCINA MS-2219BT LILA,0,220,0,1,0,4
685127654592,BOCINA RADIO SPE-570,0,250,0,1,0,4
602760006690,BOCINA PORTABLE FM-5162,0,250,0,1,0,4
689983672628,BOCINA YJS002,0,380,0,1,0,4
740617309928,BOLSITAS  DE UNICORNIO POPI,0,80,0,1,0,5
6923966940385,CARTERA MICK,0,100,0,1,0,5
 11 PRO,MASKKING MEDIANO,0,220,0,1,1,6
590012328023,AUDIFONOS INALAMBRICOS FRESHFUN AZULES,0,350,0,1,0,7
590012328647,BOCINA A9 MONITO ROSA,0,250,0,1,0,7
684986545912,BOCINA Q19 MONITO AZUL,0,250,0,1,0,7
886112670122,CABLE HDMI 5 METROS,0,120,0,1,0,7
5537000011646,CABLE USB PARA IPHONE 4,0,150,0,1,0,7
7501636303006,LAMPARA CHICA CABEZA,0,150,0,1,0,7
 12 S,MOUSE AZUL METALICO,0,250,0,1,0,7
 13 N,MOUSE CABLE SB-9230,0,120,0,1,0,7
 13 PRO,MOUSE VIMI CHICO,0,250,0,1,0,7
 13 PRO N ,MOUSE XINMI  INALAMBRICO SB-9253,0,250,0,1,1,7
 13 PRO R,MULTI USB,0,80,0,1,0,7
 13 PROM,MULTI USB 3.0,0,120,0,1,0,7
 X7,TAPETE BALLETA,0,80,0,1,0,7
 X8,TAPETE ESPACIO,0,100,0,1,0,7
 XM REDMI,TAPETE MUNDO,0,80,0,1,1,7
 XR C,TARJETA WI-FI,0,200,0,1,0,7
 XR SI,TECLADO,0,200,0,1,0,7
 XRWW24688,TECLADO CON MOUSE INALAMBRICO XINMI,0,400,0,1,0,7
 Y6S,TINTA EPSON 664 AZUL,0,250,0,1,0,7
 Y7,TINTA EPSON 664 NEGRA,0,250,0,1,0,7
 Y70,TINTA EPSON 664 ROSA,0,250,0,1,0,7
 Y7O,TINTA NEGRA EPSON 296,0,220,0,1,0,7
 Y9S,TINTA TRICOLOR HP 662,0,300,0,1,0,7
 Y9S H,TINTA TRICOLOR HP 662,0,300,0,1,0,7
 YISEN,TRANSMISOR BLUETOOTH PARA CARRO,0,250,0,1,1,7
7501818126003,LAMPARA RECARGABLE PORTABLE,0,250,0,1,1,10
7872571544954,LINTERNA  RECARGABLE 622A,0,150,0,1,0,10
8303175661741,LINTERNA ALUMINIO,0,300,0,1,0,10
8550647131466,LINTERNA DE MANO RECARGABLE,0,200,0,1,0,10
8577111012045,LINTERNA DE PILA,0,50,0,1,2,10
8577111116255,LINTERNA PLATA,0,80,0,1,0,10
8577111118396,LINTERNA RECARGABLE DE CABEZA 8866,0,180,0,1,1,10
10,ADAPTADOR SAMSUNG TIPO C,0,200,0,1,0,12
15,AGENDA A5,0,100,0,1,0,12
20,AGENDA AUDIFONOS / NOTE BOOK,0,85,0,1,0,12
30,AGENDA AZUL,0,100,0,1,0,12
50,AGENDA CONEJA,0,150,0,1,0,12
100,AGENDA ELEFANTE,0,150,0,1,0,12
101,AGENDA HELLO KITTY,0,120,0,1,0,12
102,AGENDA LENTEJUELA,0,150,0,1,0,12
287,ALICE WORLD,0,60,0,1,0,12
590012328375,AUDIFONOS ROSA METALICO,0,80,0,1,0,12
602760000339,BOCINA BS-FX1915,0,250,0,1,0,12
5537000013218,CALCULADORA MEDIANA GD-808C,0,150,0,1,0,12
5584195400463,CALCULADORA SOLAR GD-3827B,0,120,0,1,0,12
6927799682160,CHAYONES CHICAS,0,20,0,1,0,12
6931040218763,CINTA CANELA,0,40,0,1,0,12
6948570620089,COLORES MAPITA,0,40,0,1,0,12
6948570660672,COLORES NEW ELITE,0,40,0,1,0,12
6948619502611,COLORES PENCILS,0,40,0,1,0,12
6959378108501,CORECTOR CINTA NARANJA,0,30,0,1,0,12
6971548836618,CRAYOLAS CHICAS,0,15,0,1,0,12
6972148291968,CRAYOLAS FROZEN ,0,18,0,1,0,12
6972567193799,CRAYOLAS HAN PAI GOOD OIL PSTEL,0,35,0,1,0,12
6972792470009,CRAYOLAS PREMIUM 12,8,12,0,1,1,12
6984575826552,CUADERNO NORMA ITALIANO  DOBLE RAYA,0,40,0,1,0,12
6985479685894,CUADERNO SCRIBE,0,30,0,1,0,12
7500907000170,DICCIONARIO,0,25,0,1,0,12
7501174972023,GIS DE COLORES CAJA C12,0,25,0,1,0,12
7501191911005,GRAPA STANDARD,0,40,0,1,0,12
7501616110006,KIT HELLO KYTTY,0,40,0,1,0,12
7501630200080,LAMPARA ASTRONAUTA,0,150,0,1,0,12
7501825162001,LAPICERA DINOSAURIO ,0,60,0,1,0,12
7501919112004,LAPICERA UNICORNIO,0,90,0,1,0,12
7502005875735,LAPICERO CON BORRADOR 2 PIEZAS,0,35,0,1,0,12
7503028221424,LIBRETA CAT,0,70,0,1,0,12
7503028615100,LIBRETA CHICA CUADRICULADA RAYTER,0,25,0,1,0,12
7503028615650,LIBRETA DES IGN SEPARADOR,0,60,0,1,0,12
7503029878610,LIBRETA DOO SMARTY,0,40,0,1,0,12
7503030727181,LIBRETA ESTRELLA,0,35,0,1,0,12
7503030935050,LIBRETA JEAN BOOK,0,70,0,1,0,12
7503031700961,LIBRETA NORMA,0,45,0,1,0,12
7503032542874,LIBRETA RAYTER MEDIANA,16,25,0,1,0,12
7503035048083,LIBRETA SCHOOL IS COOL,0,25,0,1,0,12
7503035048823,LIBRETA SCRIBE,0,35,0,1,0,12
7503035106974,LIBRETA SCRIBE BLACK,0,65,0,1,0,12
7505929253009,LIBRETA SCRIBE ROJA,0,65,0,1,0,12
7872571278262,LIBRETITA OSITOS,0,35,0,1,0,12
7872571423310,LIBRETITAS VAQUITAS,0,35,0,1,0,12
 10/,MARCATEXTOS EPLENDID,0,40,0,1,0,12
 10C,MARCATEXTOS FLORECENTE,0,40,0,1,0,12
 11 PR,MARKER PEN,0,60,0,1,0,12
 12 PRO MAX,MOCHILA ROSA CON AGARRADERA,0,320,0,1,0,12
 13 PRO M,MOUSE WIRED ROSA CON CABLE,0,120,0,1,0,12
 13 ROSA ,NOTAS DE REMISION,0,15,0,1,0,12
 27QF7IW0011978301,PAPEL CHINA 3 HOJAS LILA,0,12,0,1,0,12
 27QFKFL0005474378,PAPEL CHINA 3 HOJAS ROJO,0,12,0,1,0,12
 28M0OE00031653403,PAPEL CHINA 3 HOJAS ROSA PALIDO,0,12,0,1,0,12
 3 V,PAPEL CHINA CAFE  3 HOJAS,0,12,0,1,0,12
 5G LILA,PERFORADORA PARA UN AGUJERO,0,40,0,1,0,12
 7 /8,PERMANENTES COLORES ZADAK,0,50,0,1,0,12
 7 A,PERMANENTES YUE CAI,0,50,0,1,0,12
 9A,PLUMA PUNTO FINO GEL  G-383,0,15,0,1,1,12
 A02,PLUMAS GEL AZUL / NEGRA,0,50,0,1,0,12
 A02 S,PLUMAS GEL AZULES,0,50,0,1,0,12
 A02 SI,PLUMAS GEL ROJAS,0,50,0,1,0,12
 A03 AG,PLUMAS J-ROLLERLE ZEBRA AZUL,0,50,0,1,0,12
 A03 C,PLUMAS J-ROLLERLE ZEBRA NEGRA,0,50,0,1,0,12
 BARIADAS,PROTECTOR IPHONE 11 PRO MAX NEGRO,0,250,0,1,0,12
 M33033H6,PROTECTOR REDMI 10C  AZUL ANILLO,0,200,0,1,0,12
 SOPLETE,RESALTADOR FLUORESCENTE,0,50,0,1,1,12
 T A,SILICON LIQUIDO PELIKAN,0,28,0,1,0,12
 UNICORENIO,STICKER 3D DINOSAURIOS,0,25,0,1,0,12
 XR C H,TARJETAS COLORES,0,30,0,1,0,12
 SOLICITUD,RELOJ INTELIGENTE,0,200,0,1,0,13
 SONRICS,RELOJ PLATA PIEDRAS,0,200,0,1,0,13
 S A11,PROTETOR SAMSUNG A02 SILCON ,0,150,0,2,0,1
8834,AUDIFONOS ART EJ-223,0,80,0,2,0,2
590012327454,AUDIFONOS FX EAR-B013,0,40,0,2,0,2
590012327925,AUDIFONOS INALAMBRICOS 1 HORA BLANCOS,0,350,0,2,0,2
590012328182,AUDIFONOS INALAMBRICOS SAMSUNG,0,400,0,2,0,2
590012328284,AUDIFONOS K38,0,80,0,2,0,2
590012328346,AUDIFONOS PARA JUEGO MICROFONO GAM-09,0,380,0,2,0,2
590012328466,AUDIFONOS WIRED MUSIC HEADSET EAR-803,0,80,0,2,0,2
590012328486,AUDIFONOS XR-3109,0,60,0,2,0,2
590012328519,BATERIA CR2016,0,25,0,2,0,2
689983668751,BOCINA TO,0,300,0,2,0,2
4251822151210,CABLE V8 1 HORA NEGRO,0,75,0,2,0,2
6839445200058,CARGADOR PARA CARRO IPHONE,0,200,0,2,0,2
7501141006003,FORRO TABLET,0,380,0,2,0,2
 12-,MEMORIA USB ADATA 32GB,0,200,0,2,0,2
 12 C S,MEMORIA USB KINGSTON,0,200,0,2,1,2
 4X6,PAPEL CONTAC 2 METROS ,0,35,0,2,0,2
 A34 R,PROTECTOR APPO A15 SILICON,0,150,0,2,0,2
 AGU,PROTECTOR HUAWUEI Y9 PRIME,0,200,0,2,0,2
 BORRA,PROTECTOR IPHONE 11 TRANSPARENTE,0,250,0,2,0,2
 C B A,PROTECTOR IPHONE 12 TRANSPARENTE CON ANILLO/LISO,0,200,0,2,0,2
 CHARGE,PROTECTOR IPHONE 13 PRO ROJO/TRASPARENTE,0,250,0,2,0,2
 CHICLES,PROTECTOR IPHONE 13 ROJO,0,250,0,2,0,2
 CHIP,PROTECTOR IPHONE 13 SILICON ROSA/NEGRO,0,250,0,2,0,2
 COLORE L,PROTECTOR IPHONE 14 PRO MAX AZUL/MORADO,0,200,0,2,1,2
 DIAMANTE,PROTECTOR IPHONE 6/7/8 ANILLO AZUL /ROJO,0,200,0,2,0,2
 E22,PROTECTOR IPHONE 7 / 8 NEON / TRANSPARENTE,0,250,0,2,0,2
 E6 P,PROTECTOR IPHONE 7 FLORES,0,150,0,2,0,2
 FOMI CON BRILLO,PROTECTOR IPHONE MAGNETICO ROSA / AZUL,0,250,0,2,0,2
 HOJAFOTO,PROTECTOR MOTOROLA E6S 2020 NEGRO /ROSA,0,250,0,2,0,2
 HOJASCOLOR,PROTECTOR MOTOROLA E6S SILICON,0,150,0,2,0,2
 HRA359,PROTECTOR MOTOROLA G10 / G20 /G30 SILICON,0,150,0,2,0,2
 HRA384,PROTECTOR MOTOROLA G10 /G20 / G30 AZUL,0,250,0,2,0,2
 LIB S,PROTECTOR NOTE 10 PRO CRISTAL,0,200,0,2,0,2
 LIBRETA CAT,PROTECTOR NOTE 10 ROJO/NEGRO,0,250,0,2,0,2
 MOUSE N,PROTECTOR SAMSUNG A03 AGUACATE/MARGARITAS,0,250,0,2,0,2
 NOTAS RAYAS,PROTECTOR SAMSUNG A04E TRANSPARENTE,0,250,0,2,0,2
 P,PROTECTOR SAMSUNG A14 CON ANILLO,0,200,0,2,0,2
 P R,PROTECTOR SAMSUNG A20/A30 SILICON,0,150,0,2,0,2
 PR,PROTECTOR SAMSUNG A52 SILICON,0,150,0,2,0,2
 R E,PROTECTOR SAMSUNG SILICON A11,0,150,0,2,0,2
 R T,PROTECTOR SASUNG A52 ROJO/NEGRO,0,250,0,2,0,2
 RA200,PROTECTOR SILICON J4 PLUS,0,150,0,2,1,2
 S A03,PROTERTOR SAMSUNG A12 3 EN 1 TRANSPARENTE /VIOLETA,0,250,0,2,0,2
10343885325,AUDIFONOS DIADEMA EAR-FX850 VERDE / BLACO,0,350,0,2,0,2
70330535312,AUDIFONOS DIADEMAXR-3212,0,250,0,2,0,2
194252192443,AUDIFONOS EARPODS LIGNING,0,200,0,2,0,2
590012328030,AUDIFONOS INALAMBRICOS NARANJA / BLANCOS,0,200,0,2,0,2
590012328450,AUDIFONOS SUPER BASS EAR-287,0,100,0,2,0,2
590012328463,AUDIFONOS T-4,35,70,0,2,0,2
590012328474,AUDIFONOS XINMI XR-3107,0,70,0,2,0,2
590012328557,BATERIA PORTATIL BANK POWER,0,200,0,2,0,2
798190206783,CABLE AUDIO AUXILIAR,0,60,0,2,0,2
2900005958536,CABLE SAMSUNG GALAXI S6 V8,0,150,0,2,0,2
3270220029014,CABLE TIPO C 2.1A 1 HORA BLANCO,0,90,0,2,0,2
3325296003588,CABLE TIPO C A TIPO C,0,100,0,2,0,2
5050190045089,CABLE V8/IPHONE/TIPO C 3A 1 HORA NEGRO,0,150,0,2,0,2
5401178324311,CABLE V8/TIPO C/IPHONE 1 HORA ROJO,0,150,0,2,0,2
5900123283474,CARGADOR MAGSAFE CHARGER,0,350,0,2,0,2
6521657982395,CARGADOR ORIGINAL IPHONE 11-13,90,300,0,2,0,2
6942139318851,CLAVIJA TIPO C HORA ,0,180,0,2,0,2
6952325462527,COMBO CARGADOR IPHONE 1 HORA,0,150,0,2,0,2
6952525808095,COMBO CARGADOR PARA AUTO V8 1 HORA,0,110,0,2,0,2
6952679146074,COMBO CARGADOR TIPO C 1 HORA 2.4,0,150,0,2,0,2
6976441254538,CRISTAL PARA CAMARA IPHONE 14 PRO/14 PRO MAX COLORES/ PIEDRAS,0,120,0,2,0,2
7501323213007,INALAMBRICOS B90 PRO MICKEY-TWS,0,350,0,2,0,2
 12 M,MICRO SD 128 GB,0,380,0,2,0,2
 A51 RO,PROTECTOR HUAWEI P30 LITE CRISTAL,0,200,0,2,0,2
 AU,PROTECTOR IPHONE 11 CRISTAL,0,200,0,2,0,2
 AZUL R,PROTECTOR IPHONE 11 MARIPOSAS,0,250,0,2,0,2
 CARPETA COSTILLA,PROTECTOR IPHONE 13 PRO MAX  MAGNETICO LILA / NEGRO,0,250,0,2,0,2
 CARTERA,PROTECTOR IPHONE 13 PRO MAX CRISTAL ,0,200,0,2,1,2
 CHIN,PROTECTOR IPHONE 13 ROSA/TRASPARENTE,0,250,0,2,0,2
 CIGARRO E,PROTECTOR IPHONE 13/14 NEGRO/ROJO,0,250,0,2,0,2
 CINTA DECORATIVA,PROTECTOR IPHONE 14 PLUS MAGNETICO AZUL/ VERDE,0,250,0,2,0,2
 COLORES,PROTECTOR IPHONE 14 PRO MAX PIEL NEGRO / ROJO,0,250,0,2,0,2
 ETIQUETA,PROTECTOR IPHONE 7/8 SILICON,0,150,0,2,0,2
 FUNDA ,PROTECTOR IPHONE PRO MAX ESTRELLAS/ROSA,0,250,0,2,0,2
 GAME  SPORTS,PROTECTOR MOTOROLA E13 SILICON,0,150,0,2,0,2
 H 7,PROTECTOR MOTOROLA E22/ E22I SILICON ,0,150,0,2,0,2
 J,PROTECTOR MOTOROLA G60 /G60S ROSA/TINTO,0,150,0,2,0,2
 KUROMI,PROTECTOR MOTOROLA G72 TRANSPARENTE,0,200,0,2,0,2
 LAPICERAS,PROTECTOR MOTOROLA G9 PLUS ANILLO,0,200,0,2,0,2
 LAPIZ,PROTECTOR MOTOROLA G9 PLUS SILICON,0,150,0,2,0,2
 LINTERNA ,PROTECTOR NOTE 11S SILICON,0,150,0,2,0,2
 M13836F1,PROTECTOR P30 LITE ROSA/ NEGRO,0,200,0,2,0,2
 M32933G7,PROTECTOR PARA CAMARA 11 PRO / PRO MAX,0,120,0,2,0,2
 MA,PROTECTOR REDMI 10C  ROSA / NEGRO,0,250,0,2,0,2
 MASKING,PROTECTOR REDMI 12 C SILICON,0,150,0,2,0,2
 MJPY20221688242,PROTECTOR RENO 7 SILICON,0,150,0,2,0,2
 NOT,PROTECTOR SAMSUNG A04 SILICON,0,150,0,2,0,2
 NOTA DE REMICION,PROTECTOR SAMSUNG A04E DISNEY,0,250,0,2,0,2
 NOTE 8,PROTECTOR SAMSUNG A10S/M10S SILICON,0,150,0,2,0,2
 OPTICAL,PROTECTOR SAMSUNG A14 5G TRANSPARENTE / ROSA TRANSPARENTE,0,250,0,2,0,2
 PLUMAS O/A,PROTECTOR SAMSUNG A34 CON ANILLO,0,200,0,2,0,2
 PRAD,PROTECTOR SAMSUNG A53  CON ANILLO,0,200,0,2,0,2
 REGALO C,PROTECTOR XIAOMI REDMI 9,0,150,0,2,0,2
 REN,PROTECTOR XR MAGNETIC ROSA LILA,0,250,0,2,0,2
 WI-FI,STICKER DIAMANTES CHICOS ROSA FIUCHA,0,35,0,2,0,2
 11 P MX,MARICONERA,0,150,0,2,0,3
602760000353,BOCINA CHARGE NEGRA/CAMUFLAJEADA,0,300,0,2,0,4
 TAPETE,SOPLETE,0,130,0,2,0,6
2, ADAPTADOR BLUETOOTH,0,200,0,2,0,7
23942986966,AUDIFONOS DIADEMA P43 AZUL/NEGRO,0,250,0,2,0,7
6841003269995,CARGADOR PARA LAPTOP,0,380,0,2,0,7
7501015215654,EXTENCION USB 3 METROS,0,120,0,2,0,7
 13 P,MOUSE INALAMBRICO NEGRO,0,250,0,2,0,7
 14 PR,OTG TIPO C,0,75,0,2,1,7
7501388104005,JUEGO GAME OVER E-9999,0,70,0,2,0,9
8433802979212,LINTERNA CHICA RECARGABLE,0,150,0,2,1,10
8433802979250,LINTERNA COBA CB-C67,0,150,0,2,0,10
8577111013110,LINTERNA PARA BICICLETA,0,250,0,2,1,10
8577111118389,LINTERNA RECARGABLE 8834,0,150,0,2,1,10
8605581008500,LLAVERO  MONEDERO,0,35,0,2,0,11
8770000000011,LLAVERO PANTERA ROSA,0,50,0,2,0,11
8806090806094,LLAVERO POMPON,0,80,0,2,0,11
8810086000144,LLAVEROS PIEDRAS,0,100,0,2,1,11
150,AGENDA SWEET PASTA TRASPARENTE,0,80,0,2,0,12
200,AGENDA UNICORNIO,0,60,0,2,0,12
73854050101,AUDIFONOS EAR-248 TIPO C,0,100,0,2,0,12
5605487205013,CALENDARIO BABY,0,50,0,2,0,12
6927799682283,CINTA ADESIVA CHICA,0,10,0,2,0,12
6932445202487,CINTA GRANDE JANEL,0,30,0,2,0,12
6945000603216,COLORES  FROZEN,0,35,0,2,0,12
6956324185968,COMPAS PLASTICO DE PRECICION,0,30,0,2,0,12
6970044742225,CORRECTOR CINTA CAFE/VERDE,0,30,0,2,0,12
6973578384695,CRAYONES JUMBO,0,70,0,2,0,12
6997788000022,CUADERNO NORMA ITALIANO RAYAS,0,40,0,2,0,12
7500383145006,CUTTER GRANDE VERDE/NARANJA,0,25,0,2,0,12
7500907000095,DESENGRAPADORA,0,25,0,2,0,12
7501466005002,JUEGO GEOMETRICO,0,60,0,2,0,12
7501987512669,LAPICERA UNICORNIO,0,60,0,2,0,12
7503027768500,LIBRETA  DOBLE RAYA SWING COSIDA,0,45,0,2,0,12
7503027768524,LIBRETA AGUACATE / PANDAS PASTA PLASTICA,0,50,0,2,0,12
7503028615094,LIBRETA CHICA CORAZON/FLORES,0,35,0,2,0,12
7503031124057,LIBRETA JEAN BOOK CHICA,0,30,0,2,0,12
7503031124064,LIBRETA KIUT CHICA 80 HOJAS,0,30,0,2,0,12
7503031700190,LIBRETA LIBRETA JUICE BAR,0,40,0,2,0,12
7503031700404,LIBRETA MEDIANA OSO/BURBUJA,0,50,0,2,0,12
7503032542782,LIBRETA RAYTER,0,35,0,2,0,12
7506129430887,LIBRETA SWING BOOK,0,30,0,2,0,12
7506129451776,LIBRETA TAQUIGRAFA 80H,0,25,0,2,0,12
7702111234840,LIBRETA UNICORNIO,0,60,0,2,0,12
7702111275300,LIBRETA UNICORNIO HOJA BLANCA,0,70,0,2,0,12
7702111812970,LIBRETITA CON POSTI,0,35,0,2,0,12
7702111831490,LIBRETITA ESTRELLA ,0,18,0,2,0,12
7872571278026,LIBRETITA MARIPOSA,0,15,0,2,0,12
7872571278880,LIBRETITA POLLITO,0,35,0,2,0,12
7872571279016,LIBRETITA UNICORNIO CON PLUMA,0,35,0,2,0,12
8601989661095,LISTON CELULAR,0,35,0,2,0,12
8821252304096,MARCADOR DE PIZARRON BLANCO BIC,0,30,0,2,0,12
8834000001086,MARCADOR PERMANENTE  METALICO PLATA SHARPIE,0,30,0,2,0,12
  A T,MARCADOR PERMANENTE METALICO SHARPIE DORADO,0,30,0,2,0,12
 11 P,MARCATEXTOS PASTEL,0,50,0,2,0,12
 14 MAG,NOTAS PANDITAS,0,35,0,2,0,12
 14 R,PAPEL CHINA 3 HOJAS AZUL CIELO,0,12,0,2,0,12
 28MVPGD0052935035,PAPEL CHINA 3 HOJAS VERDE BANDERA,0,12,0,2,0,12
 6G,PERMANENTE SHARPIE DOBLE PUNTA,0,25,0,2,0,12
 7 PL,PLUMA BIC PUNTO FINO AZUL / NEGRA,0,9,0,2,0,12
 A03 CORE,PLUMAS LED,0,15,0,2,2,12
 A04 C,PLUMAS PAPER MATE,0,15,0,2,0,12
 A04S FLOR,PLUMON PARA PINTARRON CON BORRADOR,0,50,0,2,0,12
 A13,PLUMONES BATMAN,0,50,0,2,0,12
 SOBRE DE DISCO,REGLA MAPED,0,17,0,2,0,12
 VE,STICKER CONCHAS,0,25,0,2,2,12
 Y6,TINTA EPSON 664 AMARILLA,0,250,0,2,0,12
 7 P,PISTOLA DE SILICON ,0,70,0,2,0,13
 SOBRE PLASTICO,RELOJ CABALLERO CAFE / NEGRO,0,200,0,2,0,13
 XS TR,TIJERAS SCISSORS CHICAS,0,25,0,3,0,1
590012327960,AUDIFONOS INALAMBRICOS CABLE XR-3461,0,150,0,3,0,2
4718050609604,CABLE V8 2.1A 1 HORA NEGRO,0,80,0,3,2,2
6913891685086,CARGADOR V3,0,85,0,3,0,2
 14 PRO M,OTG V8,0,60,0,3,0,2
 C S O,PROTECTOR IPHONE 12/12 PRO SILICON,0,150,0,3,0,2
 G8,PROTECTOR MOTO G4 PLUS USO RUDO /CORAZONES,0,70,0,3,0,2
 LAPICERA T,PROTECTOR MOTOROLA G9 PLAY/G9/E7 PLUS SILICON,0,150,0,3,0,2
 NE,PROTECTOR SAMSUNG A03S SILICON CAFE/ROJO/NEGRO/LILA,0,150,0,3,0,2
 PROTECTOR RM,PROTECTOR SAMSUNG GRAN PRIME,0,150,0,3,0,2
 TARJETA,SOPORTE DE SILLA,0,40,0,3,0,2
 XL-102,TAPETE GATO /AGUACATE /BUOO,0,80,0,3,0,2
7500383116303,USB 16 GB VERBATIM,0,150,0,3,0,2
590012327747,AUDIFONOS IBALAMBRICOS CABLE XR-3462,0,150,0,3,0,2
590012328442,AUDIFONOS SPORT EAR-B005,0,80,0,3,0,2
4713218461940,CABLE V8 2.1A 1 HORA  BLANCO,0,80,0,3,0,2
 12 P,MICRO SD ADATA 32 GB,0,180,0,3,1,2
 A32,PROTECTOR 12 PRO  CRISTAL MINIE /AMIMAL PRI / AMARILLO,0,200,0,3,0,2
 BACO,PROTECTOR IPHONE 11 PRO MAX /PINTURA/BLANCO LILA,0,150,0,3,0,2
 C 5G,PROTECTOR IPHONE 12 PRO MAX LILA /BLANCO/ AZUL,0,250,0,3,0,2
 COLOREAR,PROTECTOR IPHONE 14 PRO MAX PIEL,0,200,0,3,0,2
 G52,PROTECTOR IPHONE XR SILICON CORAZON,0,150,0,3,0,2
 J4,PROTECTOR MOTOROLA G60 ROSA /ROJO / NEGRO,0,250,0,3,0,2
 PLU ,PROTECTOR SAMSUNG A34  TRASPARENTE/ VERDE AGUA,0,200,0,3,0,2
6924458798354,CARTERA ROSA/VERDE,0,120,0,3,0,5
6927799682252,CIGARRO ELECTRONICO,0,200,0,3,0,6
7501313122005,IPLAY ,0,350,0,3,0,6
 11 SOPORT,MAUSE INALAMBRICO SB-9256,0,250,0,3,0,7
8655235699103,LLAVERO DE BOLSITA ,0,70,0,3,0,11
 12 R,MONEDERO,0,80,0,3,0,11
 A14 P,POP SOKER OSITO,0,100,0,3,0,11
103,AGENDA LOVE/BEAUTY,0,70,0,3,0,12
5537000012248,CALCULADORA CIENTIFICA,0,150,0,3,0,12
6928362020013,CINTA ADESIVA MEDIANA,0,12,0,3,0,12
6948619502819,COLORES RENK,0,40,0,3,0,12
7393196853172,CUTTER GRANDE VERDE/AZUL/ROSA,0,25,0,3,0,12
7500907000101,DIARIO UNICORNIO/OX/FRESA,0,80,0,3,0,12
7501147415045,GAFETE TRANSPARENTE,0,20,0,3,2,12
7501555537001,JUEGO GEOMETRICO FREXIBLE,0,35,0,3,0,12
7501868603004,LAPICERA JOCAR CAMUFLAJEADA,0,40,0,3,0,12
7503028221400,LIBRETA AVIE A NICE DAY/MAGIC,0,35,0,3,0,12
7503028615117,LIBRETA CONCHA / SIRENA ,0,80,0,3,0,12
7505969614006,LIBRETA SEPARADORES,0,50,0,3,0,12
7506129430801,LIBRETA SPARKLE MEDIANA,0,35,0,3,2,12
7594313443249,LIBRETA UNICORNIO,0,40,0,3,0,12
7702111333697,LIBRETA UNICORNIO/FLAMINGO,0,40,0,3,0,12
8821252556419,MARCADOR PARA PINTARRON MAGISTLAL ROJO/NEGRO/VERDE,0,30,0,3,0,12
 13/,NOTAS ESCANDALOSOS,0,35,0,3,0,12
 13/14,NOTAS NEGRAS CON PLUMA,0,35,0,3,0,12
 7/8,PLUMA KILOMETRICO,0,15,0,3,0,12
 A P30,PLUMAS DIAMANTE,0,30,15,3,1,12
 SOBRE B,REGLA BACO 30CM TRANSPARENTE,0,12,0,3,0,12
 SOBRE OFICIO,REGLA SMARTY 30CM COLOR,0,15,0,3,0,12
 TAPET,SOLICITUD DE EMPLEO,0,2,0,3,2,12
 USB51,STICKER CARRITOS /ANIMALITOS /FRUTAS,0,20,0,3,0,12
 X,STIKER ESTRELLITAS,0,25,0,3,0,12
 XS MAX,TIJERAS AGUACATE,0,30,0,3,0,12
590012327578,AUDIFONOS GAMES WORLD,0,80,0,4,0,2
590012328558,BATERIA PORTATIL XINMI,0,200,0,4,0,2
590012328569,BLUETHOOT- AUXILIAR,0,100,0,4,0,2
6812410221067,CARGADOR PARA AUTO TIPO C 3A 1 HORA,0,250,0,4,0,2
6953802660160,COMBO CARGADOR V8 1 M 1 HORA 2.4A,0,130,0,4,0,2
7503027768432,LECTOR DE MEMORIA,0,50,0,4,1,2
 A14,POP SOCKET / ANILLO,0,50,0,4,2,2
 A23,PROTECTOR  IPHONE 11 PRO CRISTAL,0,200,0,4,0,2
 C C,PROTECTOR IPHONE 12/12 PRO BURBUJA AZUL/ ROSA/NEGRO,0,200,0,4,0,2
 HB R,PROTECTOR MOTOROLA E6 PLUS,0,150,0,4,0,2
 XM 10,TAPETE MOTO/CARRO,0,100,0,4,0,2
420090060501,AUDIFONOS ENJOY MUSIC E35,0,70,0,4,0,2
590012327290,AUDIFONOS FRUIT XR-3122,0,70,0,4,0,2
590012328396,AUDIFONOS SAMSUNG S10 AKG,0,100,0,4,0,2
590012328489,AUXILIAR ECONOMICO,0,40,0,4,0,2
2800000314873,CABLE ORIGINAL SAMSUNG V8,0,150,0,4,0,2
3154145640304,CABLE SAMSUNG ORIGINAL TIPO C,0,150,0,4,0,2
4895174129888,CABLE V8 2.4A 1 HORA GRIS,0,80,0,4,2,2
6974368773156,CRISTAL PARA CAMARA 14 PRO/14 PRO MAX AZUL/TRASPARENTE,0,120,0,4,0,2
 BATERIA P,PROTECTOR IPHONE 11 PRO MAX SILLICON,0,150,0,4,0,2
 BUDAS,PROTECTOR IPHONE 12  PIEL ,0,200,0,4,0,2
 C A02S,PROTECTOR IPHONE 12 PRO MAX SILICON,0,150,0,4,0,2
740907826111,BOLSITAS OREJAS,0,35,0,4,0,5
6927799682269,CIGARRO ELECTRONICO CON ESENCIA,0,250,0,4,0,6
 13 M,MOUSE CABLE COLORES ,0,120,0,4,0,7
 XR,TAPETES,0,50,0,4,0,7
590012328564,BILLETES,0,20,0,4,0,12
6944434800017,CLIP COLORES,0,15,0,4,0,12
6945658112566,COLORES BLANCA NIEVES GRANDES,0,35,0,4,0,12
6980880198803,CUADERNO COSIDO FRANCES SMARTY,0,40,0,4,0,12
7501901620548,LAPICERA TRANSPARENTE,0,30,0,4,0,12
7502005875742,LAPICERO DIAMANTE,0,20,0,4,0,12
7502276744624,LAPIZ  BACO NEON/PINK,0,7,0,4,0,12
7503032542652,LIBRETA PASTA DURA/EMOJI/CORAZONES/MUÑECA,0,60,0,4,0,12
7503032542690,LIBRETA RAYAS SMARTY COSIDA,0,45,0,4,1,12
7702111812956,LIBRETITA COLORES,0,40,0,4,0,12
 14 N,NOTAS RAYAS,0,30,0,4,1,12
 A D,PLUMAS COLORES /  METALICAS,0,15,0,4,2,12
 A M ,PLUMAS COPA/SIRENA/PULCERA/CONCHA,0,25,0,4,2,12
 A03S RUDO,PLUMAS MULTICOLOR CHICAS,15,25,0,4,0,12
 SONY,RELOJ ROSA /NEGRO,0,150,0,4,0,13
3, AUDIFONOS SUPER BASSS,0,60,0,5,0,2
2020,AUDIFONOS 1 HORA 3.5,0,80,0,5,0,2
590012328507,BATERIA CR1216,0,25,0,5,0,2
590012328511,BATERIA CR1220,0,25,0,5,0,2
590012328518,BATERIA CR1616,0,25,0,5,0,2
 B-L,PROTECTOR IPHONE 11 SILICON ,0,150,0,5,0,2
 G60,PROTECTOR IPHONE XS CRISTAL,0,200,0,5,0,2
590012327938,AUDIFONOS INALAMBRICOS 1 HORA BLANCOS GOMITA,0,350,0,5,0,2
4718050609659,CABLE V8 2.4A 1 HORA AZUL,0,80,0,5,0,2
6936302022034,CLAVIJA ORIGINAL IPHONE TIPO C,0,180,0,5,0,2
6954851277583,COMBO CARGADOR V8 1M,0,130,0,5,0,2
 AZ 14,PROTECTOR IPHONE 11 MAGNETICO LILA / ROSA/ BLANCO/NEGRO,0,250,0,5,0,2
6926393301743,CARTERAS CABALLERO,0,150,0,5,0,3
6920136581126,CARPETA COSTILLA,0,15,0,5,1,12
6926752094859,CARTULINA FLORECENTE/NEGRAS,0,9,0,5,1,12
6936009701201,CINTA PARA EMPAQUE TRASPARENTE ,0,45,0,5,0,12
6945212483156,COLORES BLANCA NIEVES CHICOS,0,20,0,5,0,12
7501818127000,LANBEITU,0,25,0,5,1,12
7502237964108,LAPICERO SIRENA,0,20,0,5,0,12
 |,MARCATEXTOS BACO FLASH AZUL/NARANJA,0,15,0,5,1,12
 5G,PEGATINAS PARA CELULAR,0,25,0,5,0,12
 A03 VERDE TINTO,PLUMAS MOTARRO NEGRAS,0,15,0,5,0,12
 A15 S,POSTIT,0,25,0,5,2,12
7,ADAPTADOR EUROPEO,0,50,0,6,0,2
296,AUDIFONOS 1 HORA  NEGRO GOMITA,0,80,0,6,1,2
 ZP0322,TURBO CARGADOR 1HORA TIPO C QC3.0 NEGRO,0,220,0,6,0,2
590012328552,BATERIA PORTATIL,0,200,0,6,0,2
 CARPETA C,PROTECTOR IPHONE 13 PRO MAGNETICO ROSA / NEGRO/PLATA ,0,250,0,6,0,2
 MX20221688192,PROTECTOR SAMSUNG A03 SILICON,0,150,0,6,0,2
886112670115,CABLE HDMI,0,85,0,6,0,7
787257112426,BOLSITAS UNICORNIO,0,35,0,6,0,11
6926646800160,CARTULINA BLANCA/PASTEL,0,7,0,6,2,12
7503027214571,LAPIZ INFINITO,0,20,0,6,0,12
7506129441203,LIBRETA SWUING MIX,0,30,0,6,0,12
7872570980104,LIBRETITA FLAMINGO Y SIRENITA,0,20,0,6,2,12
 13 R,NOTAS AGUACATE/PANDAS,0,25,0,6,2,12
 13/13 MINI,NOTAS FRUTAS,0,35,0,6,2,12
590012328148,AUDIFONOS INALAMBRICOS PRO 6S,0,300,0,7,2,2
6909168022364,CARGADOR UNIVERSAL,0,75,0,7,2,2
590012328217,AUDIFONOS INALAMBRICOS XINMI COLORES,0,250,0,7,0,2
6953571202639,COMBO CARGADOR TIPO C I METRO 2.1 A,0,150,0,7,0,2
 A02 C,PLUMAS GEL AZUL KUROMI,0,20,0,7,0,2
787257116684,BORADOR PANDA/AGUACATE/DURAZNO,0,15,0,7,0,12
 14 P,NOTE POSTED,0,15,0,7,0,12
 5G P,PERMANENTE BIC MARKING,0,22,0,7,2,12
 7 V,PLUMA GEL EQUIAOSSHOU ,0,20,0,7,0,12
 VGA,STICKER DIAMANTE GRANDE CORAZONES AZULES,0,30,0,8,0,2
7502276743627,LAPICERO ZANAHORIA/PAPER/BIC,0,15,0,8,0,12
 6/7/8,PERMANENTE CHENGRUN,0,15,0,8,0,12
 7-,PERMANENTE YUE CAI,0,15,0,8,0,12
 A10S,PLUMON PERMANENTE MIAODIAN GRANDE,0,18,0,8,0,12
 14 PRO MA,POP SOCKET,0,40,0,9,0,2
 12C,MOUSE CABLE,0,100,0,9,0,7
 SOPORTE SILLA,RICOBESOS,0,1,0,9,0,8
7872571514704,LIBROS DE COLOREAR,0,20,0,9,0,12
 A03,PLUMAS GEL XINCHEN G-905 /NEGRA//BOCETTO,0,15,0,9,2,12
590012328254,AUDIFONOS J5,0,80,0,10,2,2
6792124915608,CARGADOR ORIGINAL SAMSUNG TIPO C,0,250,0,10,2,2
 13 PROT,NAVAJAS,0,100,0,10,1,6
689984603119,BOLSAS DE REGALO ECONOMICA CHICA,0,10,0,10,0,12
6932445202388,CINTA DECORATIVA,0,5,0,10,0,12
6970871390026,CORRECTOR LIQUIDO BLANCO SMART OFFICE,0,18,0,10,1,12
7502005870006,LAPICERAS,0,40,0,10,0,12
  YUE CAI,MARCATEXTO NEON / PASTEL BIC,0,20,0,10,0,12
694176225098,BOLSAS DE REGALO GRANDES,0,35,0,11,2,12
7501147415021,GAFETE PERSONAJES,0,40,0,11,2,12
7502285230026,LAPIZ DE CARBONCILLO,0,20,0,11,1,12
 A03S,PLUMAS MULTICOLOR,0,30,0,11,2,12
 S A22,"PUNTILLAS GRAFITO 0,5",0,15,0,11,2,12
6927799682184,CHIP,0,30,0,12,0,2
14,AGARRA PAPEL 41MM,0,8,0,12,0,12
590012328563,BICOLOR GRUESO,0,15,0,12,0,12
740617309720,BOLSAS DE REGALO MEDIANA ECONOMICA,0,20,0,12,1,12
787257145066,BROCHE PARA ARCHIVO 8CM,0,6,0,12,2,12
7501901620555,LAPICERA UNICORNIO,0,70,0,12,2,12
 7 PLUS,PLUMA COCHITO/PANDA/UNICORNIO POMPON/UNICORNIO LUZ,0,30,0,12,1,12
590012328520,BATERIA CR2032,0,25,0,13,0,2
7500907000392,DULCE SONRICS,0,2,0,13,0,8
6922862482821,CARPETA DE COLORES,0,7,0,13,2,12
6999969795659,CUTTER COLOR  VERDE /AZUL /ROSA PASTEL,0,20,0,14,0,12
 A V,PLUMAS GEL,0,10,0,14,2,12
 A12,PLUMON PERMANENTE SHARPIE COLORES,0,25,0,14,2,12
7502282680060,LAPIZ COLORES /RAYAS/FROZEN/ SOFIA,0,7,0,15,0,12
7501174953664,GAS,0,35,0,16,1,6
6970962088085,CORTINAS FIESTA,0,50,0,16,2,12
9789702207375,MARCADOR PERMANENTE  PEN RX-200,0,10,0,16,1,12
 9S,PLUMA ROSA/ LILA CON BORRADOR,0,15,0,17,0,12
 A13 G,PLUMONES PERMANENTES MIAODIAN COLORES,0,15,0,17,0,12
6823450656184,CARGADOR PARA BOCINA,0,150,0,18,2,4
 SPART,ROCALETA,0,6,0,18,0,8
787257129479,BROCHE BACO ,0,5,0,19,0,1
 A 12 A,PLUMAS BIC CRISTAL,0,8,0,19,0,12
 A17,POSTIT NEON,0,25,0,19,2,12
218400168685,AUDIFONOS ECONOMICO,0,35,0,20,2,2
6922971053868,CARPETA OFICIO,0,5,0,20,2,12
 A 12,PLUMAS AGUACATE/ DURAZNO /PLANETA/CALAVERA UNICORNIO,0,25,0,20,2,12
 STVT56317,SACAPUNTAS DE HUARACHE/SIRENITA/ARCOIRIS/HELLO KITTY/PATO/BASURA/OSO/ELOTE/COCHI/UNICORNIO/GUSANO,0,15,0,22,0,12
 A04E ,PLUMAS ROLLER GEL,0,20,0,24,0,1
787257129417,BORRADORES,0,10,0,24,0,12
 11 C,MARCATEXTOS NEON,0,20,0,24,0,12
 A04,PLUMAS NEON,0,15,0,24,2,12
7503027768234,LAPIZ MIRADO,0,7,0,27,2,12
 T7P,SOBRE DE RONDANA,0,8,0,27,0,12
734365260051,BOLSAS DE REGALO MEDIANAS,0,30,0,28,2,12
 A04S,PLUMAS SIRENA/ / HELLO KITTY/MIMI / MINIUM/ DINOSAURIO MARIPOSA OSITO,0,25,0,32,1,12
7503027214397,LAPIZ HB HONG WEI,0,8,0,34,0,12
8577111118952,LIPIZ HB COLORES,0,8,0,35,0,12
 XS T,TIJERAS ESCOLAR,0,15,0,36,1,12
7503027214564,LAPIZ HB PELADOS,0,8,0,44,5,12
6927799682177,CHICLES,0,2,0,45,2,8
6931069220068,CINTA CHICA JANEL,0,5,0,46,0,12
7500907000743,ENMICADO TAMAÑO CARTA,0,20,0,47,0,12
8807963320747,LLAVEROS PERSONAJES/POMPON CON CORREA/BEBES,0,35,0,48,5,11
 SUPER,SACAPUNTAS NORMAL,0,5,0,51,2,12
7503027214281,LAPIZ HB ROSA/AZUL/LILA/VERDE,0,8,0,60,4,12
 7 PLU,PLUMA BIC ROJA/AZUL/NEGRA/ROJA/VERDE,0,7,0,63,0,12
 14 P M R,OPALINA DELGADA,0,3,0,67,5,12
 XR P,TARJETAS DE RAYAS 3X5,0,2,0,68,1,12
7501313109006,HOJAS ARCOIRIS,0,3,0,73,0,1
7501313107002,HOJA FOTO TAMAÑO CARTA,0,10,0,79,5,12
 T,SILICON,0,5,0,88,2,12
7501030667018,FOMI CON BRILLO,0,8,0,100,5,12
 XR M,TARJETAS DE RAYAS,0,46,0,100,2,12
 TABLET,SOBRE DISCO,0,3,0,102,2,12
6922971099569,CARPETA TAMAÑO CARTA,0,4,0,140,1,12
 PROTECTOR OPPO ,PROTECTOR SAMSUNG G71 SILICON,0,150,0,149,0,2
 D,PROTECTOR IPHONE 5G / 5S PLATA,0,150,0,150,0,2
 REGALO,PROTECTOR USO RUDO SAMSUNG J7 PRIME,0,150,0,150,0,2
7501313103004,HOJA FOTO 4X6,0,3,0,170,5,12
7501052620596,FOMI LISO,0,4,0,187,5,12
7501313115007,HOJAS DE COLOR,0,1,0,238,5,12
 XS A,TIEMPO MAQUINA 1 HORA,0,15,0,-1,0,1
 CARTULINA BLANCA,PROTECTOR IPHONE 13 PRO MAX PIEDRAS,0,250,0,-1,0,2
 S A52,RECARGA $10,0,10,0,-1,0,2
 SACAP,RECARGA $100,0,100,0,-1,0,2
 SACAPUNTAS N,RECARGA $150,0,150,0,-1,0,2
 SB,RECARGA $20,0,20,0,-1,0,2
 SEPAR,RECARGA $200,0,200,0,-1,0,2
 SHOCK,RECARGA $50,0,50,0,-1,0,2
6952525838276,COMBO CARGADOR PARA AUTO V8 1 HORA,0,110,0,-1,0,2
7500938002389,ESCANEO,0,5,0,-1,0,12
7501313124009,IMPRESION B/N,0.5,1,0.8,-1,0,12
7501323205002,IMPRESION COLOR,0,5,0,-1,1,12
7501323206009,IMPRESION DE CURP,0,10,0,-1,0,12
7501323212000,IMPRESION OFICIO,0,2,0,-1,0,12
8577111119775,LISTA DE MUSICA $50,0,50,0,-1,0,12
 SHARPIE C,RECARGA $30,0,30,0,-1,0,12
 SILICON,RECIBO DE LUIZ CFE,0,15,0,-1,0,12
 X IPH,TALOS DE PAGO,0,5,0,-1,0,12
 XS,TIEMPO CIBER 10 - 15 MIN,0,5,0,-1,0,12
 XS LILA,TIEMPO MAQUINA 1-10 MIN,0,3,0,-1,0,12